-- phpMyAdmin SQL Dump
-- version 4.6.5.2
-- https://www.phpmyadmin.net/
--
-- Хост: 127.0.0.1:3306
-- Время создания: Май 21 2018 г., 12:17
-- Версия сервера: 5.7.16
-- Версия PHP: 7.0.14

SET SQL_MODE = "NO_AUTO_VALUE_ON_ZERO";
SET time_zone = "+00:00";


/*!40101 SET @OLD_CHARACTER_SET_CLIENT=@@CHARACTER_SET_CLIENT */;
/*!40101 SET @OLD_CHARACTER_SET_RESULTS=@@CHARACTER_SET_RESULTS */;
/*!40101 SET @OLD_COLLATION_CONNECTION=@@COLLATION_CONNECTION */;
/*!40101 SET NAMES utf8mb4 */;

--
-- База данных: `store3`
--

-- --------------------------------------------------------

--
-- Структура таблицы `categories`
--

CREATE TABLE `categories` (
  `id` int(10) UNSIGNED NOT NULL,
  `categoryName` varchar(100) COLLATE utf8mb4_unicode_ci NOT NULL,
  `categoryAlias` varchar(100) COLLATE utf8mb4_unicode_ci NOT NULL,
  `created_at` timestamp NULL DEFAULT NULL,
  `updated_at` timestamp NULL DEFAULT NULL
) ENGINE=InnoDB DEFAULT CHARSET=utf8mb4 COLLATE=utf8mb4_unicode_ci;

--
-- Дамп данных таблицы `categories`
--

INSERT INTO `categories` (`id`, `categoryName`, `categoryAlias`, `created_at`, `updated_at`) VALUES
(7, 'Открытки', 'otkrytki', '2018-04-15 10:05:14', '2018-04-15 10:05:14'),
(8, 'Оригами', 'origami', '2018-04-15 17:38:03', '2018-04-15 17:38:03'),
(9, 'Бумажные игрушки', 'bumazhnye-igrushki', '2018-04-16 06:29:18', '2018-04-16 06:29:18'),
(10, 'Паттерны', 'patterny', '2018-04-16 06:52:08', '2018-04-16 06:52:08'),
(11, 'Закладки', 'zakladki', '2018-04-16 07:02:53', '2018-04-16 07:02:53');

-- --------------------------------------------------------

--
-- Структура таблицы `clients`
--

CREATE TABLE `clients` (
  `id` int(10) UNSIGNED NOT NULL,
  `firstName` varchar(100) COLLATE utf8mb4_unicode_ci NOT NULL,
  `lastName` varchar(100) COLLATE utf8mb4_unicode_ci NOT NULL,
  `phone` varchar(100) COLLATE utf8mb4_unicode_ci NOT NULL,
  `adress` varchar(100) COLLATE utf8mb4_unicode_ci NOT NULL,
  `email` varchar(100) COLLATE utf8mb4_unicode_ci NOT NULL,
  `created_at` timestamp NULL DEFAULT NULL,
  `updated_at` timestamp NULL DEFAULT NULL
) ENGINE=InnoDB DEFAULT CHARSET=utf8mb4 COLLATE=utf8mb4_unicode_ci;

--
-- Дамп данных таблицы `clients`
--

INSERT INTO `clients` (`id`, `firstName`, `lastName`, `phone`, `adress`, `email`, `created_at`, `updated_at`) VALUES
(94, 'Николай', 'Петров', '+380506984857', 'г. Харьков, ул. Заводская, дом 23', 'nikola@gmail.com', '2018-04-15 18:01:28', '2018-04-15 18:01:28'),
(95, 'Николай', 'Фролов', '+380676058496', 'Ленина 27', 'nikola@gmail.com', '2018-04-16 11:34:15', '2018-04-16 11:34:15'),
(96, 'Николай', 'Петков', '+380678564758', 'Запорожье, Ленина 25', 'nikola@gmail.com', '2018-04-28 03:29:04', '2018-04-28 03:29:04');

-- --------------------------------------------------------

--
-- Структура таблицы `colors`
--

CREATE TABLE `colors` (
  `id` int(10) UNSIGNED NOT NULL,
  `color` varchar(50) COLLATE utf8mb4_unicode_ci NOT NULL,
  `created_at` timestamp NULL DEFAULT NULL,
  `updated_at` timestamp NULL DEFAULT NULL
) ENGINE=InnoDB DEFAULT CHARSET=utf8mb4 COLLATE=utf8mb4_unicode_ci;

--
-- Дамп данных таблицы `colors`
--

INSERT INTO `colors` (`id`, `color`, `created_at`, `updated_at`) VALUES
(4, 'Серый', NULL, NULL),
(10, 'Коричневый', '2018-03-23 17:24:44', '2018-03-23 17:24:44'),
(17, 'Черный', '2018-03-29 16:11:27', '2018-03-29 16:11:27'),
(31, 'Разноцветный', '2018-04-15 10:05:14', '2018-04-15 10:05:14'),
(32, 'Синий', '2018-04-15 17:38:03', '2018-04-15 17:38:03'),
(33, 'Розовый', '2018-04-15 17:40:15', '2018-04-15 17:40:15'),
(34, 'Желтый', '2018-04-15 17:48:57', '2018-04-15 17:48:57'),
(35, 'Зеленый', '2018-04-15 17:55:40', '2018-04-15 17:55:40'),
(36, 'Оранжевый', '2018-04-15 17:58:10', '2018-04-15 17:58:10'),
(37, 'Белый', '2018-04-16 06:29:18', '2018-04-16 06:29:18'),
(38, 'Красный', '2018-04-16 06:54:44', '2018-04-16 06:54:44');

-- --------------------------------------------------------

--
-- Структура таблицы `images`
--

CREATE TABLE `images` (
  `id` int(10) UNSIGNED NOT NULL,
  `image` varchar(255) COLLATE utf8mb4_unicode_ci NOT NULL,
  `product_id` int(10) UNSIGNED NOT NULL,
  `created_at` timestamp NULL DEFAULT NULL,
  `updated_at` timestamp NULL DEFAULT NULL,
  `index_image_id` tinyint(1) NOT NULL DEFAULT '0'
) ENGINE=InnoDB DEFAULT CHARSET=utf8mb4 COLLATE=utf8mb4_unicode_ci;

--
-- Дамп данных таблицы `images`
--

INSERT INTO `images` (`id`, `image`, `product_id`, `created_at`, `updated_at`, `index_image_id`) VALUES
(172, '15238246830.jpg', 113, '2018-04-15 17:38:03', '2018-05-13 14:24:23', 1),
(173, '15238246831.jpg', 113, '2018-04-15 17:38:03', '2018-05-13 14:23:46', 0),
(174, '15238248150.jpg', 114, '2018-04-15 17:40:15', '2018-04-15 17:40:15', 1),
(175, '15238248151.jpg', 114, '2018-04-15 17:40:15', '2018-04-15 17:40:15', 0),
(176, '15238248152.jpg', 114, '2018-04-15 17:40:15', '2018-04-15 17:40:15', 0),
(177, '15238251620.jpg', 115, '2018-04-15 17:46:02', '2018-04-16 11:38:52', 1),
(178, '15238252380.jpg', 116, '2018-04-15 17:47:18', '2018-04-15 17:47:18', 1),
(179, '15238252870.jpg', 117, '2018-04-15 17:48:07', '2018-04-15 17:48:07', 1),
(180, '15238253370.jpg', 118, '2018-04-15 17:48:57', '2018-04-15 17:48:57', 1),
(181, '15238254250.jpg', 119, '2018-04-15 17:50:25', '2018-04-15 17:50:25', 1),
(182, '15238254820.jpg', 120, '2018-04-15 17:51:22', '2018-04-15 17:51:22', 1),
(183, '15238255410.jpg', 121, '2018-04-15 17:52:21', '2018-04-15 17:52:21', 1),
(184, '15238256120.jpg', 122, '2018-04-15 17:53:32', '2018-04-15 17:53:32', 1),
(185, '15238256530.jpg', 123, '2018-04-15 17:54:13', '2018-04-15 17:54:13', 1),
(186, '15238257400.jpg', 124, '2018-04-15 17:55:40', '2018-04-15 17:55:40', 1),
(187, '15238257780.jpg', 125, '2018-04-15 17:56:18', '2018-04-15 17:56:18', 1),
(188, '15238258180.jpg', 126, '2018-04-15 17:56:58', '2018-04-15 17:56:58', 1),
(189, '15238258900.jpg', 127, '2018-04-15 17:58:10', '2018-04-15 17:58:10', 1),
(190, '15238709580.jpg', 128, '2018-04-16 06:29:18', '2018-04-16 06:29:18', 1),
(191, '15238710250.jpg', 129, '2018-04-16 06:30:25', '2018-04-16 06:30:25', 1),
(192, '15238710520.jpg', 130, '2018-04-16 06:30:52', '2018-04-16 06:30:52', 1),
(193, '15238711030.jpg', 131, '2018-04-16 06:31:43', '2018-04-16 06:31:43', 1),
(194, '15238711480.jpg', 132, '2018-04-16 06:32:28', '2018-04-16 06:32:28', 1),
(195, '15238711840.jpg', 133, '2018-04-16 06:33:04', '2018-04-16 06:33:04', 1),
(196, '15238712180.jpg', 134, '2018-04-16 06:33:38', '2018-04-16 06:33:38', 1),
(197, '15238712470.jpg', 135, '2018-04-16 06:34:07', '2018-04-16 06:34:07', 1),
(198, '15238713450.jpg', 136, '2018-04-16 06:35:45', '2018-04-16 06:35:45', 1),
(199, '15238714240.jpg', 137, '2018-04-16 06:37:04', '2018-04-16 06:37:04', 1),
(200, '15238714730.jpg', 138, '2018-04-16 06:37:53', '2018-04-16 06:37:53', 1),
(201, '15238715830.jpg', 139, '2018-04-16 06:39:43', '2018-04-16 06:39:43', 1),
(202, '15238716230.jpg', 140, '2018-04-16 06:40:23', '2018-04-16 06:40:23', 1),
(203, '15238716640.jpg', 141, '2018-04-16 06:41:04', '2018-04-16 06:41:04', 1),
(204, '15238716950.jpg', 142, '2018-04-16 06:41:35', '2018-04-16 06:41:35', 1),
(205, '15238717670.jpg', 143, '2018-04-16 06:42:47', '2018-04-16 06:42:47', 1),
(206, '15238717990.jpg', 144, '2018-04-16 06:43:19', '2018-04-16 06:43:19', 1),
(207, '15238718320.jpg', 145, '2018-04-16 06:43:52', '2018-04-16 06:43:52', 1),
(208, '15238718570.jpg', 146, '2018-04-16 06:44:17', '2018-04-16 06:44:17', 1),
(209, '15238718900.jpg', 147, '2018-04-16 06:44:50', '2018-04-16 06:44:50', 1),
(210, '15238719170.jpg', 148, '2018-04-16 06:45:17', '2018-04-16 06:45:17', 1),
(211, '15238719590.jpg', 149, '2018-04-16 06:45:59', '2018-04-16 06:45:59', 1),
(212, '15238719880.jpg', 150, '2018-04-16 06:46:28', '2018-04-16 06:46:28', 1),
(213, '15238720220.jpg', 151, '2018-04-16 06:47:02', '2018-04-16 06:47:02', 1),
(214, '15238720560.jpg', 152, '2018-04-16 06:47:36', '2018-04-16 06:47:36', 1),
(215, '15238720860.jpg', 153, '2018-04-16 06:48:06', '2018-04-16 06:48:06', 1),
(216, '15238723280.jpg', 154, '2018-04-16 06:52:08', '2018-04-16 06:52:08', 1),
(217, '15238723281.jpg', 154, '2018-04-16 06:52:08', '2018-04-16 06:52:08', 0),
(218, '15238723282.jpg', 154, '2018-04-16 06:52:08', '2018-04-16 06:52:08', 0),
(219, '15238723770.jpg', 155, '2018-04-16 06:52:57', '2018-04-16 06:52:57', 1),
(220, '15238723771.jpg', 155, '2018-04-16 06:52:57', '2018-04-16 06:52:57', 0),
(221, '15238724840.jpg', 156, '2018-04-16 06:54:44', '2018-04-16 06:54:44', 1),
(222, '15238725440.jpg', 157, '2018-04-16 06:55:44', '2018-04-16 06:55:44', 1),
(223, '15238725760.jpg', 158, '2018-04-16 06:56:16', '2018-04-16 06:56:16', 1),
(224, '15238727250.jpg', 159, '2018-04-16 06:58:45', '2018-04-16 06:58:45', 1),
(225, '15238727570.jpg', 160, '2018-04-16 06:59:17', '2018-04-16 06:59:17', 1),
(226, '15238727840.jpg', 161, '2018-04-16 06:59:44', '2018-04-16 06:59:44', 1),
(227, '15238728280.jpg', 162, '2018-04-16 07:00:28', '2018-04-16 07:00:28', 1),
(228, '15238728810.jpg', 163, '2018-04-16 07:01:21', '2018-04-16 07:01:21', 1),
(229, '15238729730.jpg', 164, '2018-04-16 07:02:53', '2018-04-16 07:02:53', 0),
(230, '15238729731.jpg', 164, '2018-04-16 07:02:53', '2018-04-16 07:02:53', 0),
(231, '15238729732.jpg', 164, '2018-04-16 07:02:53', '2018-04-16 07:02:53', 1),
(232, '15238730220.jpg', 165, '2018-04-16 07:03:42', '2018-04-16 07:03:42', 1),
(233, '15238730510.jpg', 166, '2018-04-16 07:04:11', '2018-04-16 07:04:11', 1),
(234, '15238730820.jpg', 167, '2018-04-16 07:04:42', '2018-04-16 07:04:42', 1),
(235, '15238731100.jpg', 168, '2018-04-16 07:05:10', '2018-04-16 07:05:10', 1),
(236, '15238731370.jpg', 169, '2018-04-16 07:05:37', '2018-04-16 07:05:37', 1),
(237, '15238731580.jpg', 170, '2018-04-16 07:05:58', '2018-04-16 07:05:58', 1),
(238, '15238731840.jpg', 171, '2018-04-16 07:06:24', '2018-04-16 07:06:24', 1),
(239, '15238732300.jpg', 172, '2018-04-16 07:07:10', '2018-04-16 07:07:10', 1),
(240, '15238732610.jpg', 173, '2018-04-16 07:07:41', '2018-04-16 07:07:41', 1),
(241, '15238733050.jpg', 174, '2018-04-16 07:08:25', '2018-04-16 07:08:25', 1),
(242, '15238733370.jpg', 175, '2018-04-16 07:08:57', '2018-04-16 07:08:57', 1),
(243, '15238733650.jpg', 176, '2018-04-16 07:09:25', '2018-04-16 07:09:25', 1),
(244, '15238733900.jpg', 177, '2018-04-16 07:09:50', '2018-04-16 07:09:50', 1),
(245, '15238734870.jpg', 178, '2018-04-16 07:11:27', '2018-04-16 07:11:27', 1),
(246, '15238735220.jpg', 179, '2018-04-16 07:12:02', '2018-04-16 07:12:02', 1),
(247, '15238735790.jpg', 180, '2018-04-16 07:12:59', '2018-04-16 07:12:59', 1);

-- --------------------------------------------------------

--
-- Структура таблицы `migrations`
--

CREATE TABLE `migrations` (
  `id` int(10) UNSIGNED NOT NULL,
  `migration` varchar(255) COLLATE utf8mb4_unicode_ci NOT NULL,
  `batch` int(11) NOT NULL
) ENGINE=InnoDB DEFAULT CHARSET=utf8mb4 COLLATE=utf8mb4_unicode_ci;

--
-- Дамп данных таблицы `migrations`
--

INSERT INTO `migrations` (`id`, `migration`, `batch`) VALUES
(1, '2014_10_12_000000_create_users_table', 1),
(2, '2014_10_12_100000_create_password_resets_table', 1),
(3, '2018_02_11_131454_create_categories_table', 1),
(4, '2018_02_11_131455_create_products_table', 1),
(5, '2018_02_11_132620_create_reviews_table', 1),
(6, '2018_02_11_153708_create_sizes_table', 1),
(7, '2018_02_11_201746_create_colors_table', 1),
(8, '2018_02_11_203709_create_products_sizes_table', 1),
(9, '2018_02_11_203945_create_products_colors_table', 1),
(10, '2018_02_11_204100_create_images_table', 1),
(11, '2018_02_11_204614_create_way_pay_table', 1),
(12, '2018_02_11_204736_create_way_delivery_table', 1),
(13, '2018_02_11_204848_create_orders_table', 1),
(14, '2018_02_12_170800_create_index_image_table', 1),
(15, '2018_02_12_185735_update_products_table', 1),
(16, '2018_02_12_185736_update_products_table', 2),
(17, '2018_02_12_190202_add_unique_properties_table', 3),
(18, '2018_02_12_190203_add_unique_properties_table', 4),
(19, '2018_02_12_190204_add_unique_properties_table', 5),
(20, '2018_02_12_193910_delete_index_image_table', 6),
(21, '2018_02_17_203054_update_orders_table', 7),
(23, '2018_02_20_174011_create_clients_table', 8),
(24, '2018_02_20_174708_update_orders_table', 9),
(27, '2018_03_03_121734_create_status_table', 11),
(28, '2018_03_03_122007_update_orders_table', 12),
(29, '2018_03_21_203659_update_products_table', 13),
(30, '2018_03_21_203734_update_images_table', 13),
(31, '2018_03_21_203735_update_images_table', 14),
(32, '2018_03_26_115531_update_categories_table', 15),
(33, '2018_04_11_184617_update_orders_table', 16),
(36, '2018_04_11_184639_create_orders_lists_table', 17),
(37, '2018_04_12_092539_update_order_table', 18),
(38, '2018_04_13_185156_update_status_table', 19);

-- --------------------------------------------------------

--
-- Структура таблицы `orders`
--

CREATE TABLE `orders` (
  `id` int(10) UNSIGNED NOT NULL,
  `pay_id` int(10) UNSIGNED NOT NULL,
  `delivery_id` int(10) UNSIGNED NOT NULL,
  `created_at` timestamp NULL DEFAULT NULL,
  `updated_at` timestamp NULL DEFAULT NULL,
  `client_id` int(10) UNSIGNED NOT NULL,
  `status_id` int(10) UNSIGNED NOT NULL DEFAULT '1',
  `price` double(8,2) NOT NULL
) ENGINE=InnoDB DEFAULT CHARSET=utf8mb4 COLLATE=utf8mb4_unicode_ci;

--
-- Дамп данных таблицы `orders`
--

INSERT INTO `orders` (`id`, `pay_id`, `delivery_id`, `created_at`, `updated_at`, `client_id`, `status_id`, `price`) VALUES
(64, 2, 3, '2018-04-15 18:01:28', '2018-04-15 18:10:57', 94, 7, 190.00),
(65, 1, 2, '2018-04-16 11:34:15', '2018-05-14 08:27:18', 95, 1, 290.00),
(66, 1, 1, '2018-04-28 03:29:04', '2018-04-28 03:33:34', 96, 5, 240.00);

-- --------------------------------------------------------

--
-- Структура таблицы `orders_lists`
--

CREATE TABLE `orders_lists` (
  `id` int(10) UNSIGNED NOT NULL,
  `order_id` int(10) UNSIGNED NOT NULL,
  `size_id` int(10) UNSIGNED NOT NULL,
  `color_id` int(10) UNSIGNED NOT NULL,
  `product_id` int(10) UNSIGNED NOT NULL,
  `created_at` timestamp NULL DEFAULT NULL,
  `updated_at` timestamp NULL DEFAULT NULL
) ENGINE=InnoDB DEFAULT CHARSET=utf8mb4 COLLATE=utf8mb4_unicode_ci;

--
-- Дамп данных таблицы `orders_lists`
--

INSERT INTO `orders_lists` (`id`, `order_id`, `size_id`, `color_id`, `product_id`, `created_at`, `updated_at`) VALUES
(21, 64, 23, 32, 113, '2018-04-15 18:01:28', '2018-04-15 18:01:28'),
(22, 64, 25, 31, 116, '2018-04-15 18:01:28', '2018-04-15 18:01:28'),
(23, 64, 24, 31, 115, '2018-04-15 18:01:28', '2018-04-15 18:01:28'),
(24, 65, 24, 35, 177, '2018-04-16 11:34:15', '2018-04-16 11:34:15'),
(25, 66, 22, 37, 137, '2018-04-28 03:29:04', '2018-04-28 03:29:04'),
(26, 66, 23, 32, 113, '2018-04-28 03:29:04', '2018-04-28 03:29:04');

-- --------------------------------------------------------

--
-- Структура таблицы `password_resets`
--

CREATE TABLE `password_resets` (
  `email` varchar(255) COLLATE utf8mb4_unicode_ci NOT NULL,
  `token` varchar(255) COLLATE utf8mb4_unicode_ci NOT NULL,
  `created_at` timestamp NULL DEFAULT NULL
) ENGINE=InnoDB DEFAULT CHARSET=utf8mb4 COLLATE=utf8mb4_unicode_ci;

-- --------------------------------------------------------

--
-- Структура таблицы `products`
--

CREATE TABLE `products` (
  `id` int(10) UNSIGNED NOT NULL,
  `productName` varchar(100) COLLATE utf8mb4_unicode_ci NOT NULL,
  `description` text COLLATE utf8mb4_unicode_ci NOT NULL,
  `price` double(8,2) NOT NULL,
  `category_id` int(10) UNSIGNED NOT NULL,
  `created_at` timestamp NULL DEFAULT NULL,
  `updated_at` timestamp NULL DEFAULT NULL,
  `alias` varchar(100) COLLATE utf8mb4_unicode_ci DEFAULT NULL
) ENGINE=InnoDB DEFAULT CHARSET=utf8mb4 COLLATE=utf8mb4_unicode_ci;

--
-- Дамп данных таблицы `products`
--

INSERT INTO `products` (`id`, `productName`, `description`, `price`, `category_id`, `created_at`, `updated_at`, `alias`) VALUES
(113, 'Бумажная синяя птица2', '<p>Оригами в виде бумажной синей птицы</p>', 50.00, 8, '2018-04-15 17:38:03', '2018-05-13 14:24:23', 'bumazhnaya-sinyaya-ptica2'),
(114, 'Розовый кактус из бумаги', '<p>Красивое оригами в виде розового кактуса из бумаги</p>', 50.00, 8, '2018-04-15 17:40:15', '2018-04-15 17:40:15', 'rozovyy-kaktus-iz-bumagi'),
(115, 'Оригами бант', '<p>Оригами бант</p>', 30.00, 8, '2018-04-15 17:46:02', '2018-04-16 11:38:52', 'origami-bant'),
(116, 'Попугай оригами', '<p>Попугай оригами</p>', 70.00, 8, '2018-04-15 17:47:18', '2018-04-15 17:47:18', 'popugay-origami'),
(117, 'Оригами рыбы', '<p>Оригами рыбы</p>', 120.00, 8, '2018-04-15 17:48:07', '2018-04-15 17:48:07', 'origami-ryby'),
(118, 'Оригами дракон', '<p>Оригами в виде дракона</p>', 200.00, 8, '2018-04-15 17:48:57', '2018-04-15 17:48:57', 'origami-drakon'),
(119, 'Рыбы оригами', '<p>Оригами в виде рыб</p>', 180.00, 8, '2018-04-15 17:50:25', '2018-04-28 03:32:39', 'ryby-origami'),
(120, 'Акула оригами', '<p>Акула оригами</p>', 60.00, 8, '2018-04-15 17:51:22', '2018-04-15 17:51:22', 'akula-origami'),
(121, 'Медведь оригами', '<p>Медведь оригами</p>', 80.00, 8, '2018-04-15 17:52:21', '2018-04-15 17:52:21', 'medved-origami'),
(122, 'Две акулы оригами', '<p>Две акулы оригами</p>', 80.00, 8, '2018-04-15 17:53:32', '2018-04-15 17:53:32', 'dve-akuly-origami'),
(123, 'Лошадь оригами', '<p>Лошадь оригами</p>', 130.00, 8, '2018-04-15 17:54:13', '2018-04-15 17:54:13', 'loshad-origami'),
(124, 'Цветок оригами из крафтовой бумаги', '<p>Цветок оригами из крафтовой бумаги</p>', 190.00, 8, '2018-04-15 17:55:40', '2018-04-15 17:55:40', 'cvetok-origami-iz-kraftovoy-bumagi'),
(125, 'Ежик оригами', '<p>Ежик оригами</p>', 40.00, 8, '2018-04-15 17:56:18', '2018-04-15 17:56:18', 'ezhik-origami'),
(126, 'Пиджак оригами из плотной бумаги', '<p>Пиджак оригами из плотной бумаги (2шт)</p>', 140.00, 8, '2018-04-15 17:56:58', '2018-04-15 17:56:58', 'pidzhak-origami-iz-plotnoy-bumagi'),
(127, 'Лебедь оригами', '<p>Лебедь оригами</p>', 100.00, 8, '2018-04-15 17:58:10', '2018-04-15 17:58:10', 'lebed-origami'),
(128, 'Игрушка из бумаги \"Снеговик\"', '<p>Игрушка из бумаги &quot;Снеговик&quot;</p>', 30.00, 9, '2018-04-16 06:29:18', '2018-04-16 06:29:18', 'igrushka-iz-bumagi-snegovik'),
(129, 'Бумажная игрушка \"Человечек\"', '<p>Бумажная игрушка &quot;Человечек&quot;</p>', 30.00, 9, '2018-04-16 06:30:25', '2018-04-16 06:30:25', 'bumazhnaya-igrushka-chelovechek'),
(130, 'Бумажная игрушка \"Эльф\"', '<p>Бумажная игрушка &quot;Эльф&quot;</p>', 40.00, 9, '2018-04-16 06:30:52', '2018-04-16 06:30:52', 'bumazhnaya-igrushka-el-f'),
(131, 'Набор бумажных игрушек \"Жирафы\"', '<p>Набор бумажных игрушек &quot;Жирафы&quot;</p>', 50.00, 9, '2018-04-16 06:31:43', '2018-04-16 06:31:43', 'nabor-bumazhnyh-igrushek-zhirafy'),
(132, 'Бумажные спинеры', '<p>Бумажные спинеры (3шт)</p>', 100.00, 9, '2018-04-16 06:32:28', '2018-04-16 06:32:28', 'bumazhnye-spinery'),
(133, 'Бумажная игрушка \"Дракон\"', '<p>Бумажная игрушка &quot;Дракон&quot;</p>', 60.00, 9, '2018-04-16 06:33:04', '2018-04-16 06:33:04', 'bumazhnaya-igrushka-drakon'),
(134, 'Бумажная летучая мышь', '<p>Бумажная летучая мышь</p>', 70.00, 9, '2018-04-16 06:33:38', '2018-04-16 06:33:38', 'bumazhnaya-letuchaya-mysh'),
(135, 'Русалка из бумаги', '<p>Русалка из бумаги</p>', 120.00, 9, '2018-04-16 06:34:07', '2018-04-16 06:34:07', 'rusalka-iz-bumagi'),
(136, 'Открытка \"Пейзаж\"', '<p>Открытка &quot;Пейзаж&quot;</p>', 130.00, 7, '2018-04-16 06:35:45', '2018-04-16 06:35:45', 'otkrytka-peyzazh'),
(137, 'Открытка \"Котенок\"', '<p>Открытка &quot;Котенок&quot;</p>', 150.00, 7, '2018-04-16 06:37:04', '2018-04-16 06:37:04', 'otkrytka-kotenok'),
(138, 'Открытка \"Миньоны\"', '<p>Открытка &quot;Миньоны&quot;</p>', 150.00, 7, '2018-04-16 06:37:53', '2018-04-16 06:38:36', 'otkrytka-min-ony'),
(139, 'Открытка Пасхальной тематики', '<p>Открытка пасхальной тематики</p>', 150.00, 7, '2018-04-16 06:39:43', '2018-04-16 06:49:46', 'otkrytka-pashal-noy-tematiki'),
(140, 'Разноцветные юморные открытки', '<p>Разноцветные юморные открытки</p>', 100.00, 7, '2018-04-16 06:40:23', '2018-04-16 06:40:23', 'raznocvetnye-yumornye-otkrytki'),
(141, 'Открытка \"День Рождения\"', '<p>Открытка &quot;День Рождения&quot;</p>', 300.00, 7, '2018-04-16 06:41:04', '2018-04-16 06:41:04', 'otkrytka-den-rozhdeniya'),
(142, 'День Рождения', '<p>День Рождения</p>', 300.00, 7, '2018-04-16 06:41:35', '2018-04-16 06:41:35', 'den-rozhdeniya'),
(143, 'Силуэт женщины', '<p>Силуэт женщины</p>', 200.00, 7, '2018-04-16 06:42:47', '2018-04-16 06:42:47', 'siluet-zhenschiny'),
(144, 'Открытка \"Защитник\"', '<p>Открытка &quot;Защитник&quot;</p>', 250.00, 7, '2018-04-16 06:43:19', '2018-04-16 06:43:19', 'otkrytka-zaschitnik'),
(145, 'Пасхальная открытка', '<p>Пасхальная открытка</p>', 260.00, 7, '2018-04-16 06:43:52', '2018-04-16 06:43:52', 'pashal-naya-otkrytka'),
(146, 'Открытка \"Мишка\"', '<p>Открытка &quot;Мишка&quot;</p>', 120.00, 7, '2018-04-16 06:44:17', '2018-04-16 06:44:17', 'otkrytka-mishka'),
(147, 'Открытка \"Жираф\"', '<p>Открытка &quot;Жираф&quot;</p>', 200.00, 7, '2018-04-16 06:44:50', '2018-04-16 06:44:50', 'otkrytka-zhiraf'),
(148, 'Открытка \"Слоненок\"', '<p>Открытка &quot;Слоненок&quot;</p>', 300.00, 7, '2018-04-16 06:45:17', '2018-04-16 06:45:17', 'otkrytka-slonenok'),
(149, 'Креативная открытка', '<p>Креативная открытка</p>', 150.00, 7, '2018-04-16 06:45:59', '2018-04-16 06:45:59', 'kreativnaya-otkrytka'),
(150, 'Открытка \"Верный друг\"', '<p>Открытка &quot;Верный друг&quot;</p>', 200.00, 7, '2018-04-16 06:46:28', '2018-04-16 06:46:28', 'otkrytka-vernyy-drug'),
(151, 'Открытка \"Веселый заяц\"', '<p>Открытка &quot;Веселый заяц&quot;</p>', 200.00, 7, '2018-04-16 06:47:02', '2018-04-16 06:47:02', 'otkrytka-veselyy-zayac'),
(152, 'Открытка к празднику Пасхи', '<p>Открытка к празднику Пасхи</p>', 200.00, 7, '2018-04-16 06:47:36', '2018-04-16 06:47:36', 'otkrytka-k-prazdniku-pashi'),
(153, 'Пасхальный заяц', '<p>Пасхальный заяц</p>', 280.00, 7, '2018-04-16 06:48:06', '2018-04-16 06:48:06', 'pashal-nyy-zayac'),
(154, 'Необычная миниатюра', '<p>Необычная миниатюра (3шт)</p>', 220.00, 10, '2018-04-16 06:52:08', '2018-04-16 06:52:08', 'neobychnaya-miniatyura'),
(155, 'Паттерн в виде сердца', '<p>Паттерн в виде сердца</p>', 80.00, 10, '2018-04-16 06:52:57', '2018-04-16 06:52:57', 'pattern-v-vide-serdca'),
(156, 'Лейба с оформлением паттерна', '<p>Лейба с оформлением паттерна</p>', 50.00, 10, '2018-04-16 06:54:44', '2018-04-16 06:54:44', 'leyba-s-oformleniem-patterna'),
(157, 'Сова с павлиньим хвостом', '<p>Сова с павлиньим хвостом</p>', 80.00, 10, '2018-04-16 06:55:44', '2018-04-16 06:55:44', 'sova-s-pavlin-im-hvostom'),
(158, 'Сережки с паттерном', '<p>Сережки с паттерном</p>', 90.00, 10, '2018-04-16 06:56:16', '2018-04-16 06:56:16', 'serezhki-s-patternom'),
(159, 'Аппликация с технологией паттерна', '<p>Аппликация с технологией паттерна</p>', 90.00, 10, '2018-04-16 06:58:45', '2018-04-16 06:58:45', 'applikaciya-s-tehnologiey-patterna'),
(160, 'Сердце - паттерн', '<p>Сердце - паттерн</p>', 250.00, 10, '2018-04-16 06:59:17', '2018-04-16 06:59:17', 'serdce---pattern'),
(161, 'Радуга', '<p>Радуга с применением паттерна</p>', 70.00, 10, '2018-04-16 06:59:44', '2018-04-16 06:59:44', 'raduga'),
(162, 'Воздущный шар', '<p>Воздущный шар с применением паттерна</p>', 200.00, 10, '2018-04-16 07:00:28', '2018-04-16 07:00:28', 'vozduschnyy-shar'),
(163, 'Фотоаппарат - паттерн', '<p>Фотоаппарат - паттерн</p>', 350.00, 10, '2018-04-16 07:01:21', '2018-04-16 07:01:21', 'fotoapparat---pattern'),
(164, 'Угловая закладка \"Покемон\"', '<p>Угловая закладка &quot;Покемон&quot;</p>', 200.00, 11, '2018-04-16 07:02:53', '2018-04-16 07:02:53', 'uglovaya-zakladka-pokemon'),
(165, 'Угловая закладка \"Белый покемон\"', '<p>Угловая закладка &quot;Белый покемон&quot;</p>', 200.00, 11, '2018-04-16 07:03:42', '2018-04-16 07:03:42', 'uglovaya-zakladka-belyy-pokemon'),
(166, 'Угловая закладка \"Змея\"', '<p>Угловая закладка &quot;Змея&quot;</p>', 200.00, 11, '2018-04-16 07:04:11', '2018-04-16 07:04:11', 'uglovaya-zakladka-zmeya'),
(167, 'Угловая закладка \"Сова\"', '<p>Угловая закладка &quot;Сова&quot;</p>', 150.00, 11, '2018-04-16 07:04:42', '2018-04-16 07:04:42', 'uglovaya-zakladka-sova'),
(168, 'Угловая закладка \"Божья коровка\"', '<p>Угловая закладка &quot;Божья коровка&quot;</p>', 200.00, 11, '2018-04-16 07:05:10', '2018-04-16 07:05:10', 'uglovaya-zakladka-bozh-ya-korovka'),
(169, 'Угловая закладка \"Летучая мыщь\"', '<p>Угловая закладка &quot;Летучая мыщь&quot;</p>', 200.00, 11, '2018-04-16 07:05:37', '2018-04-16 07:05:37', 'uglovaya-zakladka-letuchaya-mysch'),
(170, 'Угловая закладка \"Ежик\"', '<p>Угловая закладка &quot;Ежик&quot;</p>', 200.00, 11, '2018-04-16 07:05:58', '2018-04-16 07:05:58', 'uglovaya-zakladka-ezhik'),
(171, 'Угловая закладка \"Жабка\"', '<p>Угловая закладка &quot;Жабка&quot;</p>', 150.00, 11, '2018-04-16 07:06:24', '2018-04-16 07:06:24', 'uglovaya-zakladka-zhabka'),
(172, 'Угловая закладка \"Бульдог\"', '<p>Угловая закладка &quot;Бульдог&quot;</p>', 150.00, 11, '2018-04-16 07:07:10', '2018-04-16 07:07:10', 'uglovaya-zakladka-bul-dog'),
(173, 'Угловая закладка \"Олень\"', '<p>Угловая закладка &quot;Олень&quot;</p>', 200.00, 11, '2018-04-16 07:07:41', '2018-04-16 07:07:41', 'uglovaya-zakladka-olen'),
(174, 'Угловая закладка \"Жабка и Свинка\"', '<p>Угловая закладка &quot;Жабка и Свинка&quot; (2 шт)</p>', 300.00, 11, '2018-04-16 07:08:25', '2018-04-16 07:08:25', 'uglovaya-zakladka-zhabka-i-svinka'),
(175, 'Угловая закладка \"Зайчик\"', '<p>Угловая закладка &quot;Зайчик&quot;</p>', 200.00, 11, '2018-04-16 07:08:57', '2018-04-16 07:08:57', 'uglovaya-zakladka-zaychik'),
(176, 'Угловая закладка \"Котенок\"', '<p>Угловая закладка &quot;Котенок&quot;</p>', 200.00, 11, '2018-04-16 07:09:25', '2018-04-16 07:09:25', 'uglovaya-zakladka-kotenok'),
(177, 'Угловая закладка \"Воздушный змей\"', '<p>Угловая закладка &quot;Воздушный змей&quot;</p>', 250.00, 11, '2018-04-16 07:09:50', '2018-04-16 07:09:50', 'uglovaya-zakladka-vozdushnyy-zmey'),
(178, 'Разноцветный набор оригами', '<p>Разноцветный набор оригами</p>', 400.00, 8, '2018-04-16 07:11:27', '2018-04-16 07:11:27', 'raznocvetnyy-nabor-origami'),
(179, 'Набор угловых закладок', '<p>Набор угловых закладок</p>', 1000.00, 11, '2018-04-16 07:12:02', '2018-04-16 07:12:02', 'nabor-uglovyh-zakladok'),
(180, 'Набор паттерных оригами', '<p>Набор паттерных оригами</p>', 1000.00, 8, '2018-04-16 07:12:59', '2018-04-16 07:12:59', 'nabor-patternyh-origami');

-- --------------------------------------------------------

--
-- Структура таблицы `products_colors`
--

CREATE TABLE `products_colors` (
  `id` int(10) UNSIGNED NOT NULL,
  `colors_id` int(10) UNSIGNED NOT NULL,
  `products_id` int(10) UNSIGNED NOT NULL,
  `created_at` timestamp NULL DEFAULT NULL,
  `updated_at` timestamp NULL DEFAULT NULL
) ENGINE=InnoDB DEFAULT CHARSET=utf8mb4 COLLATE=utf8mb4_unicode_ci;

--
-- Дамп данных таблицы `products_colors`
--

INSERT INTO `products_colors` (`id`, `colors_id`, `products_id`, `created_at`, `updated_at`) VALUES
(271, 33, 114, '2018-04-15 17:40:15', '2018-04-15 17:40:15'),
(273, 31, 116, '2018-04-15 17:47:18', '2018-04-15 17:47:18'),
(274, 32, 117, '2018-04-15 17:48:07', '2018-04-15 17:48:07'),
(275, 34, 118, '2018-04-15 17:48:57', '2018-04-15 17:48:57'),
(277, 32, 120, '2018-04-15 17:51:22', '2018-04-15 17:51:22'),
(278, 10, 121, '2018-04-15 17:52:21', '2018-04-15 17:52:21'),
(279, 4, 122, '2018-04-15 17:53:32', '2018-04-15 17:53:32'),
(280, 10, 123, '2018-04-15 17:54:13', '2018-04-15 17:54:13'),
(281, 10, 124, '2018-04-15 17:55:40', '2018-04-15 17:55:40'),
(282, 35, 124, '2018-04-15 17:55:40', '2018-04-15 17:55:40'),
(283, 10, 125, '2018-04-15 17:56:18', '2018-04-15 17:56:18'),
(284, 35, 126, '2018-04-15 17:56:58', '2018-04-15 17:56:58'),
(285, 10, 126, '2018-04-15 17:56:58', '2018-04-15 17:56:58'),
(286, 34, 127, '2018-04-15 17:58:10', '2018-04-15 17:58:10'),
(287, 36, 127, '2018-04-15 17:58:10', '2018-04-15 17:58:10'),
(288, 37, 128, '2018-04-16 06:29:18', '2018-04-16 06:29:18'),
(289, 33, 129, '2018-04-16 06:30:25', '2018-04-16 06:30:25'),
(290, 35, 130, '2018-04-16 06:30:52', '2018-04-16 06:30:52'),
(291, 34, 131, '2018-04-16 06:31:43', '2018-04-16 06:31:43'),
(292, 10, 131, '2018-04-16 06:31:43', '2018-04-16 06:31:43'),
(293, 31, 132, '2018-04-16 06:32:28', '2018-04-16 06:32:28'),
(294, 35, 133, '2018-04-16 06:33:04', '2018-04-16 06:33:04'),
(295, 17, 134, '2018-04-16 06:33:38', '2018-04-16 06:33:38'),
(296, 31, 135, '2018-04-16 06:34:07', '2018-04-16 06:34:07'),
(297, 37, 136, '2018-04-16 06:35:45', '2018-04-16 06:35:45'),
(298, 32, 136, '2018-04-16 06:35:45', '2018-04-16 06:35:45'),
(299, 37, 137, '2018-04-16 06:37:04', '2018-04-16 06:37:04'),
(300, 33, 137, '2018-04-16 06:37:04', '2018-04-16 06:37:04'),
(303, 37, 138, '2018-04-16 06:38:36', '2018-04-16 06:38:36'),
(304, 31, 139, '2018-04-16 06:39:43', '2018-04-16 06:39:43'),
(305, 34, 140, '2018-04-16 06:40:23', '2018-04-16 06:40:23'),
(306, 36, 140, '2018-04-16 06:40:23', '2018-04-16 06:40:23'),
(307, 33, 140, '2018-04-16 06:40:23', '2018-04-16 06:40:23'),
(308, 32, 140, '2018-04-16 06:40:23', '2018-04-16 06:40:23'),
(309, 37, 141, '2018-04-16 06:41:04', '2018-04-16 06:41:04'),
(310, 37, 142, '2018-04-16 06:41:35', '2018-04-16 06:41:35'),
(311, 35, 143, '2018-04-16 06:42:47', '2018-04-16 06:42:47'),
(312, 35, 144, '2018-04-16 06:43:19', '2018-04-16 06:43:19'),
(313, 31, 145, '2018-04-16 06:43:52', '2018-04-16 06:43:52'),
(314, 10, 146, '2018-04-16 06:44:17', '2018-04-16 06:44:17'),
(315, 10, 147, '2018-04-16 06:44:50', '2018-04-16 06:44:50'),
(316, 37, 148, '2018-04-16 06:45:17', '2018-04-16 06:45:17'),
(317, 32, 149, '2018-04-16 06:45:59', '2018-04-16 06:45:59'),
(318, 10, 150, '2018-04-16 06:46:28', '2018-04-16 06:46:28'),
(319, 33, 151, '2018-04-16 06:47:02', '2018-04-16 06:47:02'),
(320, 31, 152, '2018-04-16 06:47:36', '2018-04-16 06:47:36'),
(321, 32, 153, '2018-04-16 06:48:06', '2018-04-16 06:48:06'),
(324, 32, 154, '2018-04-16 06:52:08', '2018-04-16 06:52:08'),
(325, 31, 155, '2018-04-16 06:52:57', '2018-04-16 06:52:57'),
(326, 35, 156, '2018-04-16 06:54:44', '2018-04-16 06:54:44'),
(327, 38, 156, '2018-04-16 06:54:44', '2018-04-16 06:54:44'),
(328, 31, 157, '2018-04-16 06:55:44', '2018-04-16 06:55:44'),
(329, 35, 158, '2018-04-16 06:56:16', '2018-04-16 06:56:16'),
(330, 31, 159, '2018-04-16 06:58:45', '2018-04-16 06:58:45'),
(331, 31, 160, '2018-04-16 06:59:17', '2018-04-16 06:59:17'),
(332, 31, 161, '2018-04-16 06:59:44', '2018-04-16 06:59:44'),
(333, 31, 162, '2018-04-16 07:00:28', '2018-04-16 07:00:28'),
(334, 31, 163, '2018-04-16 07:01:21', '2018-04-16 07:01:21'),
(335, 17, 164, '2018-04-16 07:02:53', '2018-04-16 07:02:53'),
(336, 37, 165, '2018-04-16 07:03:42', '2018-04-16 07:03:42'),
(337, 35, 166, '2018-04-16 07:04:11', '2018-04-16 07:04:11'),
(338, 17, 167, '2018-04-16 07:04:42', '2018-04-16 07:04:42'),
(339, 38, 168, '2018-04-16 07:05:10', '2018-04-16 07:05:10'),
(340, 32, 169, '2018-04-16 07:05:37', '2018-04-16 07:05:37'),
(341, 10, 170, '2018-04-16 07:05:58', '2018-04-16 07:05:58'),
(342, 35, 171, '2018-04-16 07:06:24', '2018-04-16 07:06:24'),
(343, 10, 172, '2018-04-16 07:07:10', '2018-04-16 07:07:10'),
(344, 17, 172, '2018-04-16 07:07:10', '2018-04-16 07:07:10'),
(345, 33, 173, '2018-04-16 07:07:41', '2018-04-16 07:07:41'),
(346, 35, 174, '2018-04-16 07:08:25', '2018-04-16 07:08:25'),
(347, 33, 175, '2018-04-16 07:08:57', '2018-04-16 07:08:57'),
(348, 32, 175, '2018-04-16 07:08:57', '2018-04-16 07:08:57'),
(349, 37, 176, '2018-04-16 07:09:25', '2018-04-16 07:09:25'),
(350, 35, 177, '2018-04-16 07:09:50', '2018-04-16 07:09:50'),
(351, 31, 178, '2018-04-16 07:11:27', '2018-04-16 07:11:27'),
(352, 31, 179, '2018-04-16 07:12:02', '2018-04-16 07:12:02'),
(353, 31, 180, '2018-04-16 07:12:59', '2018-04-16 07:12:59'),
(355, 31, 115, '2018-04-16 11:38:52', '2018-04-16 11:38:52'),
(356, 31, 119, '2018-04-28 03:32:39', '2018-04-28 03:32:39'),
(357, 33, 119, '2018-04-28 03:32:39', '2018-04-28 03:32:39'),
(360, 32, 113, '2018-05-13 14:24:23', '2018-05-13 14:24:23');

-- --------------------------------------------------------

--
-- Структура таблицы `products_sizes`
--

CREATE TABLE `products_sizes` (
  `id` int(10) UNSIGNED NOT NULL,
  `sizes_id` int(10) UNSIGNED NOT NULL,
  `products_id` int(10) UNSIGNED NOT NULL,
  `created_at` timestamp NULL DEFAULT NULL,
  `updated_at` timestamp NULL DEFAULT NULL
) ENGINE=InnoDB DEFAULT CHARSET=utf8mb4 COLLATE=utf8mb4_unicode_ci;

--
-- Дамп данных таблицы `products_sizes`
--

INSERT INTO `products_sizes` (`id`, `sizes_id`, `products_id`, `created_at`, `updated_at`) VALUES
(271, 24, 114, '2018-04-15 17:40:15', '2018-04-15 17:40:15'),
(273, 25, 116, '2018-04-15 17:47:18', '2018-04-15 17:47:18'),
(274, 23, 117, '2018-04-15 17:48:07', '2018-04-15 17:48:07'),
(275, 26, 118, '2018-04-15 17:48:57', '2018-04-15 17:48:57'),
(277, 24, 120, '2018-04-15 17:51:22', '2018-04-15 17:51:22'),
(278, 23, 121, '2018-04-15 17:52:21', '2018-04-15 17:52:21'),
(279, 24, 122, '2018-04-15 17:53:32', '2018-04-15 17:53:32'),
(280, 27, 122, '2018-04-15 17:53:32', '2018-04-15 17:53:32'),
(281, 23, 123, '2018-04-15 17:54:13', '2018-04-15 17:54:13'),
(282, 24, 124, '2018-04-15 17:55:40', '2018-04-15 17:55:40'),
(283, 24, 125, '2018-04-15 17:56:18', '2018-04-15 17:56:18'),
(284, 24, 126, '2018-04-15 17:56:58', '2018-04-15 17:56:58'),
(285, 23, 127, '2018-04-15 17:58:10', '2018-04-15 17:58:10'),
(286, 24, 128, '2018-04-16 06:29:18', '2018-04-16 06:29:18'),
(287, 24, 129, '2018-04-16 06:30:25', '2018-04-16 06:30:25'),
(288, 24, 130, '2018-04-16 06:30:52', '2018-04-16 06:30:52'),
(289, 23, 131, '2018-04-16 06:31:43', '2018-04-16 06:31:43'),
(290, 24, 132, '2018-04-16 06:32:28', '2018-04-16 06:32:28'),
(291, 25, 133, '2018-04-16 06:33:04', '2018-04-16 06:33:04'),
(292, 23, 134, '2018-04-16 06:33:38', '2018-04-16 06:33:38'),
(293, 23, 135, '2018-04-16 06:34:07', '2018-04-16 06:34:07'),
(294, 25, 136, '2018-04-16 06:35:45', '2018-04-16 06:35:45'),
(295, 22, 137, '2018-04-16 06:37:04', '2018-04-16 06:37:04'),
(297, 22, 138, '2018-04-16 06:38:36', '2018-04-16 06:38:36'),
(298, 21, 138, '2018-04-16 06:38:36', '2018-04-16 06:38:36'),
(299, 22, 139, '2018-04-16 06:39:43', '2018-04-16 06:39:43'),
(300, 21, 140, '2018-04-16 06:40:23', '2018-04-16 06:40:23'),
(301, 22, 141, '2018-04-16 06:41:04', '2018-04-16 06:41:04'),
(302, 21, 141, '2018-04-16 06:41:04', '2018-04-16 06:41:04'),
(303, 22, 142, '2018-04-16 06:41:35', '2018-04-16 06:41:35'),
(304, 28, 143, '2018-04-16 06:42:47', '2018-04-16 06:42:47'),
(305, 22, 144, '2018-04-16 06:43:19', '2018-04-16 06:43:19'),
(306, 22, 145, '2018-04-16 06:43:52', '2018-04-16 06:43:52'),
(307, 21, 146, '2018-04-16 06:44:17', '2018-04-16 06:44:17'),
(308, 21, 147, '2018-04-16 06:44:50', '2018-04-16 06:44:50'),
(309, 21, 148, '2018-04-16 06:45:17', '2018-04-16 06:45:17'),
(310, 21, 149, '2018-04-16 06:45:59', '2018-04-16 06:45:59'),
(311, 22, 150, '2018-04-16 06:46:28', '2018-04-16 06:46:28'),
(312, 21, 151, '2018-04-16 06:47:02', '2018-04-16 06:47:02'),
(313, 21, 152, '2018-04-16 06:47:36', '2018-04-16 06:47:36'),
(314, 22, 153, '2018-04-16 06:48:06', '2018-04-16 06:48:06'),
(317, 29, 154, '2018-04-16 06:52:08', '2018-04-16 06:52:08'),
(318, 22, 155, '2018-04-16 06:52:57', '2018-04-16 06:52:57'),
(319, 27, 156, '2018-04-16 06:54:44', '2018-04-16 06:54:44'),
(320, 22, 157, '2018-04-16 06:55:44', '2018-04-16 06:55:44'),
(321, 29, 158, '2018-04-16 06:56:16', '2018-04-16 06:56:16'),
(322, 21, 159, '2018-04-16 06:58:45', '2018-04-16 06:58:45'),
(323, 28, 160, '2018-04-16 06:59:17', '2018-04-16 06:59:17'),
(324, 25, 161, '2018-04-16 06:59:44', '2018-04-16 06:59:44'),
(325, 22, 162, '2018-04-16 07:00:28', '2018-04-16 07:00:28'),
(326, 22, 163, '2018-04-16 07:01:21', '2018-04-16 07:01:21'),
(327, 24, 164, '2018-04-16 07:02:53', '2018-04-16 07:02:53'),
(328, 24, 165, '2018-04-16 07:03:42', '2018-04-16 07:03:42'),
(329, 24, 166, '2018-04-16 07:04:11', '2018-04-16 07:04:11'),
(330, 27, 167, '2018-04-16 07:04:42', '2018-04-16 07:04:42'),
(331, 24, 168, '2018-04-16 07:05:10', '2018-04-16 07:05:10'),
(332, 24, 169, '2018-04-16 07:05:37', '2018-04-16 07:05:37'),
(333, 24, 170, '2018-04-16 07:05:58', '2018-04-16 07:05:58'),
(334, 27, 171, '2018-04-16 07:06:24', '2018-04-16 07:06:24'),
(335, 27, 172, '2018-04-16 07:07:10', '2018-04-16 07:07:10'),
(336, 24, 173, '2018-04-16 07:07:41', '2018-04-16 07:07:41'),
(337, 24, 174, '2018-04-16 07:08:25', '2018-04-16 07:08:25'),
(338, 24, 175, '2018-04-16 07:08:57', '2018-04-16 07:08:57'),
(339, 24, 176, '2018-04-16 07:09:25', '2018-04-16 07:09:25'),
(340, 24, 177, '2018-04-16 07:09:50', '2018-04-16 07:09:50'),
(341, 27, 178, '2018-04-16 07:11:27', '2018-04-16 07:11:27'),
(342, 24, 179, '2018-04-16 07:12:02', '2018-04-16 07:12:02'),
(343, 21, 180, '2018-04-16 07:12:59', '2018-04-16 07:12:59'),
(345, 24, 115, '2018-04-16 11:38:52', '2018-04-16 11:38:52'),
(346, 23, 119, '2018-04-28 03:32:39', '2018-04-28 03:32:39'),
(348, 23, 113, '2018-05-13 14:24:23', '2018-05-13 14:24:23');

-- --------------------------------------------------------

--
-- Структура таблицы `reviews`
--

CREATE TABLE `reviews` (
  `id` int(10) UNSIGNED NOT NULL,
  `userName` varchar(100) COLLATE utf8mb4_unicode_ci NOT NULL,
  `mark` int(11) NOT NULL,
  `review` text COLLATE utf8mb4_unicode_ci NOT NULL,
  `tovar_id` int(10) UNSIGNED NOT NULL,
  `mail` varchar(100) COLLATE utf8mb4_unicode_ci NOT NULL,
  `created_at` timestamp NULL DEFAULT NULL,
  `updated_at` timestamp NULL DEFAULT NULL
) ENGINE=InnoDB DEFAULT CHARSET=utf8mb4 COLLATE=utf8mb4_unicode_ci;

--
-- Дамп данных таблицы `reviews`
--

INSERT INTO `reviews` (`id`, `userName`, `mark`, `review`, `tovar_id`, `mail`, `created_at`, `updated_at`) VALUES
(18, 'Алексей', 5, 'Спасибо. Хорошее оригами', 113, 'alexey@gmail.com', '2018-04-15 18:09:55', '2018-04-15 18:09:55'),
(19, 'Николай', 5, 'Отзыв от Николая', 170, 'nikola@gmail.com', '2018-04-16 11:33:19', '2018-04-16 11:33:19'),
(20, 'Николай', 5, 'Отзыв от Николая', 137, 'nikola@mail.ru', '2018-04-28 03:25:04', '2018-04-28 03:25:04'),
(21, 'Алексей', 4, 'Отзыв от Алексея', 117, 'alexey@gmail.com', '2018-05-13 14:21:39', '2018-05-13 14:21:39'),
(22, 'Василий', 5, 'Отзыв от Василия', 179, 'vasia@gmail.com', '2018-05-14 08:26:17', '2018-05-14 08:26:17'),
(23, 'hjbj', 5, 'ugujvgjg', 128, 'ygy@tft.ughu', '2018-05-14 08:54:20', '2018-05-14 08:54:20'),
(24, 'yfyf', 3, 'tytyf', 128, 'ytgy@tdt.yug', '2018-05-14 08:54:47', '2018-05-14 08:54:47');

-- --------------------------------------------------------

--
-- Структура таблицы `sizes`
--

CREATE TABLE `sizes` (
  `id` int(10) UNSIGNED NOT NULL,
  `size` varchar(10) COLLATE utf8mb4_unicode_ci NOT NULL,
  `created_at` timestamp NULL DEFAULT NULL,
  `updated_at` timestamp NULL DEFAULT NULL
) ENGINE=InnoDB DEFAULT CHARSET=utf8mb4 COLLATE=utf8mb4_unicode_ci;

--
-- Дамп данных таблицы `sizes`
--

INSERT INTO `sizes` (`id`, `size`, `created_at`, `updated_at`) VALUES
(21, 'А5', '2018-04-15 10:05:14', '2018-04-15 10:05:14'),
(22, 'А4', '2018-04-15 10:08:49', '2018-04-15 10:08:49'),
(23, '15см', '2018-04-15 17:38:03', '2018-04-15 17:38:03'),
(24, '10см', '2018-04-15 17:40:15', '2018-04-15 17:40:15'),
(25, '25см', '2018-04-15 17:47:18', '2018-04-15 17:47:18'),
(26, '35см', '2018-04-15 17:48:57', '2018-04-15 17:48:57'),
(27, '5см', '2018-04-15 17:53:32', '2018-04-15 17:53:32'),
(28, '20X20см', '2018-04-16 06:42:47', '2018-04-16 06:42:47'),
(29, '3см', '2018-04-16 06:52:08', '2018-04-16 06:52:08');

-- --------------------------------------------------------

--
-- Структура таблицы `status`
--

CREATE TABLE `status` (
  `id` int(10) UNSIGNED NOT NULL,
  `statusName` varchar(100) COLLATE utf8mb4_unicode_ci NOT NULL,
  `created_at` timestamp NULL DEFAULT NULL,
  `updated_at` timestamp NULL DEFAULT NULL,
  `className` varchar(100) COLLATE utf8mb4_unicode_ci NOT NULL
) ENGINE=InnoDB DEFAULT CHARSET=utf8mb4 COLLATE=utf8mb4_unicode_ci;

--
-- Дамп данных таблицы `status`
--

INSERT INTO `status` (`id`, `statusName`, `created_at`, `updated_at`, `className`) VALUES
(1, 'Новый', NULL, NULL, 'primary'),
(2, 'Обработка', NULL, NULL, 'secondary'),
(5, 'Оплачен', NULL, NULL, 'warning'),
(6, 'Отправлен', NULL, NULL, 'info'),
(7, 'Выполнен', NULL, NULL, 'success');

-- --------------------------------------------------------

--
-- Структура таблицы `users`
--

CREATE TABLE `users` (
  `id` int(10) UNSIGNED NOT NULL,
  `name` varchar(255) COLLATE utf8mb4_unicode_ci NOT NULL,
  `email` varchar(255) COLLATE utf8mb4_unicode_ci NOT NULL,
  `password` varchar(255) COLLATE utf8mb4_unicode_ci NOT NULL,
  `remember_token` varchar(100) COLLATE utf8mb4_unicode_ci DEFAULT NULL,
  `created_at` timestamp NULL DEFAULT NULL,
  `updated_at` timestamp NULL DEFAULT NULL
) ENGINE=InnoDB DEFAULT CHARSET=utf8mb4 COLLATE=utf8mb4_unicode_ci;

--
-- Дамп данных таблицы `users`
--

INSERT INTO `users` (`id`, `name`, `email`, `password`, `remember_token`, `created_at`, `updated_at`) VALUES
(1, 'Vitaliy', 'vitaliy@gmail.com', '$2y$10$UpobUIgZSAAfsm/1pWNMDu8Jl4UjgmWFjOpxLO.u.Y8U3fLz4/eVO', '5JiCVzm5zcvky6SXhApBWMpNNIXsm5Kf4ZSt7rtzweaO7euHPZvzQFxf4pSO', '2017-10-03 07:49:28', '2017-10-03 07:49:28');

-- --------------------------------------------------------

--
-- Структура таблицы `way_delivery`
--

CREATE TABLE `way_delivery` (
  `id` int(10) UNSIGNED NOT NULL,
  `deliveryName` varchar(100) COLLATE utf8mb4_unicode_ci NOT NULL,
  `created_at` timestamp NULL DEFAULT NULL,
  `updated_at` timestamp NULL DEFAULT NULL
) ENGINE=InnoDB DEFAULT CHARSET=utf8mb4 COLLATE=utf8mb4_unicode_ci;

--
-- Дамп данных таблицы `way_delivery`
--

INSERT INTO `way_delivery` (`id`, `deliveryName`, `created_at`, `updated_at`) VALUES
(1, 'Новая почта', NULL, NULL),
(2, 'Укр Почта', NULL, NULL),
(3, 'Курьером', NULL, NULL);

-- --------------------------------------------------------

--
-- Структура таблицы `way_pay`
--

CREATE TABLE `way_pay` (
  `id` int(10) UNSIGNED NOT NULL,
  `payName` varchar(100) COLLATE utf8mb4_unicode_ci NOT NULL,
  `created_at` timestamp NULL DEFAULT NULL,
  `updated_at` timestamp NULL DEFAULT NULL
) ENGINE=InnoDB DEFAULT CHARSET=utf8mb4 COLLATE=utf8mb4_unicode_ci;

--
-- Дамп данных таблицы `way_pay`
--

INSERT INTO `way_pay` (`id`, `payName`, `created_at`, `updated_at`) VALUES
(1, 'Наличными', NULL, NULL),
(2, 'Картой Visa/Mastercard', NULL, NULL);

--
-- Индексы сохранённых таблиц
--

--
-- Индексы таблицы `categories`
--
ALTER TABLE `categories`
  ADD PRIMARY KEY (`id`),
  ADD UNIQUE KEY `categories_category_unique` (`categoryAlias`);

--
-- Индексы таблицы `clients`
--
ALTER TABLE `clients`
  ADD PRIMARY KEY (`id`);

--
-- Индексы таблицы `colors`
--
ALTER TABLE `colors`
  ADD PRIMARY KEY (`id`),
  ADD UNIQUE KEY `colors_color_unique` (`color`);

--
-- Индексы таблицы `images`
--
ALTER TABLE `images`
  ADD PRIMARY KEY (`id`),
  ADD UNIQUE KEY `images_image_unique` (`image`),
  ADD KEY `images_product_id_foreign` (`product_id`);

--
-- Индексы таблицы `migrations`
--
ALTER TABLE `migrations`
  ADD PRIMARY KEY (`id`);

--
-- Индексы таблицы `orders`
--
ALTER TABLE `orders`
  ADD PRIMARY KEY (`id`),
  ADD KEY `orders_pay_id_foreign` (`pay_id`),
  ADD KEY `orders_delivery_id_foreign` (`delivery_id`),
  ADD KEY `orders_client_id_foreign` (`client_id`),
  ADD KEY `orders_status_id_foreign` (`status_id`);

--
-- Индексы таблицы `orders_lists`
--
ALTER TABLE `orders_lists`
  ADD PRIMARY KEY (`id`),
  ADD KEY `orders_lists_product_id_foreign` (`product_id`),
  ADD KEY `orders_lists_order_id_foreign` (`order_id`);

--
-- Индексы таблицы `password_resets`
--
ALTER TABLE `password_resets`
  ADD KEY `password_resets_email_index` (`email`);

--
-- Индексы таблицы `products`
--
ALTER TABLE `products`
  ADD PRIMARY KEY (`id`),
  ADD KEY `products_category_id_foreign` (`category_id`);

--
-- Индексы таблицы `products_colors`
--
ALTER TABLE `products_colors`
  ADD PRIMARY KEY (`id`),
  ADD KEY `products_colors_colors_id_foreign` (`colors_id`),
  ADD KEY `products_colors_products_id_foreign` (`products_id`);

--
-- Индексы таблицы `products_sizes`
--
ALTER TABLE `products_sizes`
  ADD PRIMARY KEY (`id`),
  ADD KEY `products_sizes_sizes_id_foreign` (`sizes_id`),
  ADD KEY `products_sizes_products_id_foreign` (`products_id`);

--
-- Индексы таблицы `reviews`
--
ALTER TABLE `reviews`
  ADD PRIMARY KEY (`id`),
  ADD KEY `reviews_tovar_id_foreign` (`tovar_id`);

--
-- Индексы таблицы `sizes`
--
ALTER TABLE `sizes`
  ADD PRIMARY KEY (`id`),
  ADD UNIQUE KEY `sizes_size_unique` (`size`);

--
-- Индексы таблицы `status`
--
ALTER TABLE `status`
  ADD PRIMARY KEY (`id`),
  ADD UNIQUE KEY `status_statusname_unique` (`statusName`);

--
-- Индексы таблицы `users`
--
ALTER TABLE `users`
  ADD PRIMARY KEY (`id`),
  ADD UNIQUE KEY `users_email_unique` (`email`);

--
-- Индексы таблицы `way_delivery`
--
ALTER TABLE `way_delivery`
  ADD PRIMARY KEY (`id`),
  ADD UNIQUE KEY `way_delivery_deliveryname_unique` (`deliveryName`);

--
-- Индексы таблицы `way_pay`
--
ALTER TABLE `way_pay`
  ADD PRIMARY KEY (`id`),
  ADD UNIQUE KEY `way_pay_payname_unique` (`payName`);

--
-- AUTO_INCREMENT для сохранённых таблиц
--

--
-- AUTO_INCREMENT для таблицы `categories`
--
ALTER TABLE `categories`
  MODIFY `id` int(10) UNSIGNED NOT NULL AUTO_INCREMENT, AUTO_INCREMENT=12;
--
-- AUTO_INCREMENT для таблицы `clients`
--
ALTER TABLE `clients`
  MODIFY `id` int(10) UNSIGNED NOT NULL AUTO_INCREMENT, AUTO_INCREMENT=97;
--
-- AUTO_INCREMENT для таблицы `colors`
--
ALTER TABLE `colors`
  MODIFY `id` int(10) UNSIGNED NOT NULL AUTO_INCREMENT, AUTO_INCREMENT=39;
--
-- AUTO_INCREMENT для таблицы `images`
--
ALTER TABLE `images`
  MODIFY `id` int(10) UNSIGNED NOT NULL AUTO_INCREMENT, AUTO_INCREMENT=248;
--
-- AUTO_INCREMENT для таблицы `migrations`
--
ALTER TABLE `migrations`
  MODIFY `id` int(10) UNSIGNED NOT NULL AUTO_INCREMENT, AUTO_INCREMENT=39;
--
-- AUTO_INCREMENT для таблицы `orders`
--
ALTER TABLE `orders`
  MODIFY `id` int(10) UNSIGNED NOT NULL AUTO_INCREMENT, AUTO_INCREMENT=67;
--
-- AUTO_INCREMENT для таблицы `orders_lists`
--
ALTER TABLE `orders_lists`
  MODIFY `id` int(10) UNSIGNED NOT NULL AUTO_INCREMENT, AUTO_INCREMENT=27;
--
-- AUTO_INCREMENT для таблицы `products`
--
ALTER TABLE `products`
  MODIFY `id` int(10) UNSIGNED NOT NULL AUTO_INCREMENT, AUTO_INCREMENT=181;
--
-- AUTO_INCREMENT для таблицы `products_colors`
--
ALTER TABLE `products_colors`
  MODIFY `id` int(10) UNSIGNED NOT NULL AUTO_INCREMENT, AUTO_INCREMENT=361;
--
-- AUTO_INCREMENT для таблицы `products_sizes`
--
ALTER TABLE `products_sizes`
  MODIFY `id` int(10) UNSIGNED NOT NULL AUTO_INCREMENT, AUTO_INCREMENT=349;
--
-- AUTO_INCREMENT для таблицы `reviews`
--
ALTER TABLE `reviews`
  MODIFY `id` int(10) UNSIGNED NOT NULL AUTO_INCREMENT, AUTO_INCREMENT=25;
--
-- AUTO_INCREMENT для таблицы `sizes`
--
ALTER TABLE `sizes`
  MODIFY `id` int(10) UNSIGNED NOT NULL AUTO_INCREMENT, AUTO_INCREMENT=30;
--
-- AUTO_INCREMENT для таблицы `status`
--
ALTER TABLE `status`
  MODIFY `id` int(10) UNSIGNED NOT NULL AUTO_INCREMENT, AUTO_INCREMENT=8;
--
-- AUTO_INCREMENT для таблицы `users`
--
ALTER TABLE `users`
  MODIFY `id` int(10) UNSIGNED NOT NULL AUTO_INCREMENT, AUTO_INCREMENT=2;
--
-- AUTO_INCREMENT для таблицы `way_delivery`
--
ALTER TABLE `way_delivery`
  MODIFY `id` int(10) UNSIGNED NOT NULL AUTO_INCREMENT, AUTO_INCREMENT=4;
--
-- AUTO_INCREMENT для таблицы `way_pay`
--
ALTER TABLE `way_pay`
  MODIFY `id` int(10) UNSIGNED NOT NULL AUTO_INCREMENT, AUTO_INCREMENT=3;
--
-- Ограничения внешнего ключа сохраненных таблиц
--

--
-- Ограничения внешнего ключа таблицы `images`
--
ALTER TABLE `images`
  ADD CONSTRAINT `images_product_id_foreign` FOREIGN KEY (`product_id`) REFERENCES `products` (`id`);

--
-- Ограничения внешнего ключа таблицы `orders`
--
ALTER TABLE `orders`
  ADD CONSTRAINT `orders_client_id_foreign` FOREIGN KEY (`client_id`) REFERENCES `clients` (`id`),
  ADD CONSTRAINT `orders_delivery_id_foreign` FOREIGN KEY (`delivery_id`) REFERENCES `way_delivery` (`id`),
  ADD CONSTRAINT `orders_pay_id_foreign` FOREIGN KEY (`pay_id`) REFERENCES `way_pay` (`id`),
  ADD CONSTRAINT `orders_status_id_foreign` FOREIGN KEY (`status_id`) REFERENCES `status` (`id`);

--
-- Ограничения внешнего ключа таблицы `orders_lists`
--
ALTER TABLE `orders_lists`
  ADD CONSTRAINT `orders_lists_order_id_foreign` FOREIGN KEY (`order_id`) REFERENCES `orders` (`id`),
  ADD CONSTRAINT `orders_lists_product_id_foreign` FOREIGN KEY (`product_id`) REFERENCES `products` (`id`);

--
-- Ограничения внешнего ключа таблицы `products`
--
ALTER TABLE `products`
  ADD CONSTRAINT `products_category_id_foreign` FOREIGN KEY (`category_id`) REFERENCES `categories` (`id`);

--
-- Ограничения внешнего ключа таблицы `products_colors`
--
ALTER TABLE `products_colors`
  ADD CONSTRAINT `products_colors_colors_id_foreign` FOREIGN KEY (`colors_id`) REFERENCES `colors` (`id`),
  ADD CONSTRAINT `products_colors_products_id_foreign` FOREIGN KEY (`products_id`) REFERENCES `products` (`id`);

--
-- Ограничения внешнего ключа таблицы `products_sizes`
--
ALTER TABLE `products_sizes`
  ADD CONSTRAINT `products_sizes_products_id_foreign` FOREIGN KEY (`products_id`) REFERENCES `products` (`id`),
  ADD CONSTRAINT `products_sizes_sizes_id_foreign` FOREIGN KEY (`sizes_id`) REFERENCES `sizes` (`id`);

--
-- Ограничения внешнего ключа таблицы `reviews`
--
ALTER TABLE `reviews`
  ADD CONSTRAINT `reviews_tovar_id_foreign` FOREIGN KEY (`tovar_id`) REFERENCES `products` (`id`);

/*!40101 SET CHARACTER_SET_CLIENT=@OLD_CHARACTER_SET_CLIENT */;
/*!40101 SET CHARACTER_SET_RESULTS=@OLD_CHARACTER_SET_RESULTS */;
/*!40101 SET COLLATION_CONNECTION=@OLD_COLLATION_CONNECTION */;
